<PAMDataset>
  <PAMRasterBand band="1">
    <Metadata>
      <MDI key="COLOR_TABLE_RULE_RGB_0">3.392000e+00 4.066333e+00 0 0 255 0 255 0</MDI>
      <MDI key="COLOR_TABLE_RULE_RGB_1">4.066333e+00 4.740667e+00 0 255 0 255 255 0</MDI>
      <MDI key="COLOR_TABLE_RULE_RGB_2">4.740667e+00 5.415000e+00 255 255 0 255 0 0</MDI>
      <MDI key="COLOR_TABLE_RULES_COUNT">3</MDI>
      <MDI key="STATISTICS_MAXIMUM">5.414999961853</MDI>
      <MDI key="STATISTICS_MEAN">4.4337948407497</MDI>
      <MDI key="STATISTICS_MINIMUM">3.3919999599457</MDI>
      <MDI key="STATISTICS_STDDEV">0.45619631017928</MDI>
    </Metadata>
  </PAMRasterBand>
</PAMDataset>
