<PAMDataset>
  <PAMRasterBand band="1">
    <Metadata>
      <MDI key="COLOR_TABLE_RULE_RGB_0">3.108000e+00 3.820333e+00 0 0 255 0 255 0</MDI>
      <MDI key="COLOR_TABLE_RULE_RGB_1">3.820333e+00 4.532667e+00 0 255 0 255 255 0</MDI>
      <MDI key="COLOR_TABLE_RULE_RGB_2">4.532667e+00 5.245000e+00 255 255 0 255 0 0</MDI>
      <MDI key="COLOR_TABLE_RULES_COUNT">3</MDI>
      <MDI key="STATISTICS_MAXIMUM">5.2449998855591</MDI>
      <MDI key="STATISTICS_MEAN">4.521775669913</MDI>
      <MDI key="STATISTICS_MINIMUM">3.1080000400543</MDI>
      <MDI key="STATISTICS_STDDEV">0.44547854113152</MDI>
    </Metadata>
  </PAMRasterBand>
</PAMDataset>
