<PAMDataset>
  <PAMRasterBand band="1">
    <Metadata>
      <MDI key="COLOR_TABLE_RULE_RGB_0">2.590000e+00 3.175333e+00 0 0 255 0 255 0</MDI>
      <MDI key="COLOR_TABLE_RULE_RGB_1">3.175333e+00 3.760667e+00 0 255 0 255 255 0</MDI>
      <MDI key="COLOR_TABLE_RULE_RGB_2">3.760667e+00 4.346000e+00 255 255 0 255 0 0</MDI>
      <MDI key="COLOR_TABLE_RULES_COUNT">3</MDI>
      <MDI key="STATISTICS_MAXIMUM">4.3460001945496</MDI>
      <MDI key="STATISTICS_MEAN">3.5677112872645</MDI>
      <MDI key="STATISTICS_MINIMUM">2.5899999141693</MDI>
      <MDI key="STATISTICS_STDDEV">0.40045355436845</MDI>
    </Metadata>
  </PAMRasterBand>
</PAMDataset>
