<PAMDataset>
  <PAMRasterBand band="1">
    <Metadata>
      <MDI key="COLOR_TABLE_RULE_RGB_0">3.303000e+00 3.800667e+00 0 0 255 0 255 0</MDI>
      <MDI key="COLOR_TABLE_RULE_RGB_1">3.800667e+00 4.298333e+00 0 255 0 255 255 0</MDI>
      <MDI key="COLOR_TABLE_RULE_RGB_2">4.298333e+00 4.796000e+00 255 255 0 255 0 0</MDI>
      <MDI key="COLOR_TABLE_RULES_COUNT">3</MDI>
      <MDI key="STATISTICS_MAXIMUM">4.7960000038147</MDI>
      <MDI key="STATISTICS_MEAN">4.2500662456303</MDI>
      <MDI key="STATISTICS_MINIMUM">3.3029999732971</MDI>
      <MDI key="STATISTICS_STDDEV">0.28151787178195</MDI>
    </Metadata>
  </PAMRasterBand>
</PAMDataset>
