<PAMDataset>
  <PAMRasterBand band="1">
    <Metadata>
      <MDI key="COLOR_TABLE_RULE_RGB_0">3.062000e+00 3.539333e+00 0 0 255 0 255 0</MDI>
      <MDI key="COLOR_TABLE_RULE_RGB_1">3.539333e+00 4.016667e+00 0 255 0 255 255 0</MDI>
      <MDI key="COLOR_TABLE_RULE_RGB_2">4.016667e+00 4.494000e+00 255 255 0 255 0 0</MDI>
      <MDI key="COLOR_TABLE_RULES_COUNT">3</MDI>
      <MDI key="STATISTICS_MAXIMUM">4.4939999580383</MDI>
      <MDI key="STATISTICS_MEAN">4.0862990800656</MDI>
      <MDI key="STATISTICS_MINIMUM">3.0620000362396</MDI>
      <MDI key="STATISTICS_STDDEV">0.2227109853105</MDI>
    </Metadata>
  </PAMRasterBand>
</PAMDataset>
