<PAMDataset>
  <PAMRasterBand band="1">
    <Metadata>
      <MDI key="COLOR_TABLE_RULE_RGB_0">3.576000e+00 4.331000e+00 0 0 255 0 255 0</MDI>
      <MDI key="COLOR_TABLE_RULE_RGB_1">4.331000e+00 5.086000e+00 0 255 0 255 255 0</MDI>
      <MDI key="COLOR_TABLE_RULE_RGB_2">5.086000e+00 5.841000e+00 255 255 0 255 0 0</MDI>
      <MDI key="COLOR_TABLE_RULES_COUNT">3</MDI>
      <MDI key="STATISTICS_MAXIMUM">5.8410000801086</MDI>
      <MDI key="STATISTICS_MEAN">4.6736061801743</MDI>
      <MDI key="STATISTICS_MINIMUM">3.5759999752045</MDI>
      <MDI key="STATISTICS_STDDEV">0.52890723846924</MDI>
    </Metadata>
  </PAMRasterBand>
</PAMDataset>
