<PAMDataset>
  <PAMRasterBand band="1">
    <Metadata>
      <MDI key="COLOR_TABLE_RULE_RGB_0">3.495000e+00 4.336667e+00 0 0 255 0 255 0</MDI>
      <MDI key="COLOR_TABLE_RULE_RGB_1">4.336667e+00 5.178333e+00 0 255 0 255 255 0</MDI>
      <MDI key="COLOR_TABLE_RULE_RGB_2">5.178333e+00 6.020000e+00 255 255 0 255 0 0</MDI>
      <MDI key="COLOR_TABLE_RULES_COUNT">3</MDI>
      <MDI key="STATISTICS_MAXIMUM">6.0199999809265</MDI>
      <MDI key="STATISTICS_MEAN">4.7121020894396</MDI>
      <MDI key="STATISTICS_MINIMUM">3.4949998855591</MDI>
      <MDI key="STATISTICS_STDDEV">0.56930566875522</MDI>
    </Metadata>
  </PAMRasterBand>
</PAMDataset>
