<PAMDataset>
  <PAMRasterBand band="1">
    <Metadata>
      <MDI key="COLOR_TABLE_RULE_RGB_0">3.736000e+00 4.476667e+00 0 0 255 0 255 0</MDI>
      <MDI key="COLOR_TABLE_RULE_RGB_1">4.476667e+00 5.217333e+00 0 255 0 255 255 0</MDI>
      <MDI key="COLOR_TABLE_RULE_RGB_2">5.217333e+00 5.958000e+00 255 255 0 255 0 0</MDI>
      <MDI key="COLOR_TABLE_RULES_COUNT">3</MDI>
      <MDI key="STATISTICS_MAXIMUM">5.9580001831055</MDI>
      <MDI key="STATISTICS_MEAN">4.8491369869996</MDI>
      <MDI key="STATISTICS_MINIMUM">3.7360000610352</MDI>
      <MDI key="STATISTICS_STDDEV">0.45440025795971</MDI>
    </Metadata>
  </PAMRasterBand>
</PAMDataset>
