<PAMDataset>
  <PAMRasterBand band="1">
    <Metadata>
      <MDI key="COLOR_TABLE_RULE_RGB_0">2.590000e+00 3.168667e+00 0 0 255 0 255 0</MDI>
      <MDI key="COLOR_TABLE_RULE_RGB_1">3.168667e+00 3.747333e+00 0 255 0 255 255 0</MDI>
      <MDI key="COLOR_TABLE_RULE_RGB_2">3.747333e+00 4.326000e+00 255 255 0 255 0 0</MDI>
      <MDI key="COLOR_TABLE_RULES_COUNT">3</MDI>
      <MDI key="STATISTICS_MAXIMUM">4.326000213623</MDI>
      <MDI key="STATISTICS_MEAN">3.6403973089398</MDI>
      <MDI key="STATISTICS_MINIMUM">2.5899999141693</MDI>
      <MDI key="STATISTICS_STDDEV">0.39805213125159</MDI>
    </Metadata>
  </PAMRasterBand>
</PAMDataset>
