<PAMDataset>
  <PAMRasterBand band="1">
    <Metadata>
      <MDI key="COLOR_TABLE_RULE_RGB_0">2.774000e+00 3.294333e+00 0 0 255 0 255 0</MDI>
      <MDI key="COLOR_TABLE_RULE_RGB_1">3.294333e+00 3.814667e+00 0 255 0 255 255 0</MDI>
      <MDI key="COLOR_TABLE_RULE_RGB_2">3.814667e+00 4.335000e+00 255 255 0 255 0 0</MDI>
      <MDI key="COLOR_TABLE_RULES_COUNT">3</MDI>
      <MDI key="STATISTICS_MAXIMUM">4.335000038147</MDI>
      <MDI key="STATISTICS_MEAN">3.8397818366938</MDI>
      <MDI key="STATISTICS_MINIMUM">2.7739999294281</MDI>
      <MDI key="STATISTICS_STDDEV">0.29968802673202</MDI>
    </Metadata>
  </PAMRasterBand>
</PAMDataset>
