<PAMDataset>
  <PAMRasterBand band="1">
    <Metadata>
      <MDI key="COLOR_TABLE_RULE_RGB_0">3.381000e+00 4.207000e+00 0 0 255 0 255 0</MDI>
      <MDI key="COLOR_TABLE_RULE_RGB_1">4.207000e+00 5.033000e+00 0 255 0 255 255 0</MDI>
      <MDI key="COLOR_TABLE_RULE_RGB_2">5.033000e+00 5.859000e+00 255 255 0 255 0 0</MDI>
      <MDI key="COLOR_TABLE_RULES_COUNT">3</MDI>
      <MDI key="STATISTICS_MAXIMUM">5.8590002059937</MDI>
      <MDI key="STATISTICS_MEAN">4.9081893470053</MDI>
      <MDI key="STATISTICS_MINIMUM">3.3810000419617</MDI>
      <MDI key="STATISTICS_STDDEV">0.45183793360508</MDI>
    </Metadata>
  </PAMRasterBand>
</PAMDataset>
