<PAMDataset>
  <PAMRasterBand band="1">
    <Metadata>
      <MDI key="COLOR_TABLE_RULE_RGB_0">2.935000e+00 3.589667e+00 0 0 255 0 255 0</MDI>
      <MDI key="COLOR_TABLE_RULE_RGB_1">3.589667e+00 4.244333e+00 0 255 0 255 255 0</MDI>
      <MDI key="COLOR_TABLE_RULE_RGB_2">4.244333e+00 4.899000e+00 255 255 0 255 0 0</MDI>
      <MDI key="COLOR_TABLE_RULES_COUNT">3</MDI>
      <MDI key="STATISTICS_MAXIMUM">4.8990001678467</MDI>
      <MDI key="STATISTICS_MEAN">4.1251595239048</MDI>
      <MDI key="STATISTICS_MINIMUM">2.9349999427795</MDI>
      <MDI key="STATISTICS_STDDEV">0.45651763987363</MDI>
    </Metadata>
  </PAMRasterBand>
</PAMDataset>
