<PAMDataset>
  <PAMRasterBand band="1">
    <Metadata>
      <MDI key="COLOR_TABLE_RULE_RGB_0">2.096000e+00 2.386333e+00 0 0 255 0 255 0</MDI>
      <MDI key="COLOR_TABLE_RULE_RGB_1">2.386333e+00 2.676667e+00 0 255 0 255 255 0</MDI>
      <MDI key="COLOR_TABLE_RULE_RGB_2">2.676667e+00 2.967000e+00 255 255 0 255 0 0</MDI>
      <MDI key="COLOR_TABLE_RULES_COUNT">3</MDI>
      <MDI key="STATISTICS_MAXIMUM">2.9670000076294</MDI>
      <MDI key="STATISTICS_MEAN">2.8305476153351</MDI>
      <MDI key="STATISTICS_MINIMUM">2.095999956131</MDI>
      <MDI key="STATISTICS_STDDEV">0.090942304631081</MDI>
    </Metadata>
  </PAMRasterBand>
</PAMDataset>
