<PAMDataset>
  <PAMRasterBand band="1">
    <Metadata>
      <MDI key="COLOR_TABLE_RULE_RGB_0">1.575000e+00 2.701667e+00 0 0 255 0 255 0</MDI>
      <MDI key="COLOR_TABLE_RULE_RGB_1">2.701667e+00 3.828333e+00 0 255 0 255 255 0</MDI>
      <MDI key="COLOR_TABLE_RULE_RGB_2">3.828333e+00 4.955000e+00 255 255 0 255 0 0</MDI>
      <MDI key="COLOR_TABLE_RULES_COUNT">3</MDI>
      <MDI key="STATISTICS_MAXIMUM">4.9549999237061</MDI>
      <MDI key="STATISTICS_MEAN">3.5146310684881</MDI>
      <MDI key="STATISTICS_MINIMUM">1.5750000476837</MDI>
      <MDI key="STATISTICS_STDDEV">0.81049911394754</MDI>
    </Metadata>
  </PAMRasterBand>
</PAMDataset>
