<PAMDataset>
  <PAMRasterBand band="1">
    <Metadata>
      <MDI key="COLOR_TABLE_RULE_RGB_0">3.448000e+00 4.331000e+00 0 0 255 0 255 0</MDI>
      <MDI key="COLOR_TABLE_RULE_RGB_1">4.331000e+00 5.214000e+00 0 255 0 255 255 0</MDI>
      <MDI key="COLOR_TABLE_RULE_RGB_2">5.214000e+00 6.097000e+00 255 255 0 255 0 0</MDI>
      <MDI key="COLOR_TABLE_RULES_COUNT">3</MDI>
      <MDI key="STATISTICS_MAXIMUM">6.0970001220703</MDI>
      <MDI key="STATISTICS_MEAN">5.4396271838912</MDI>
      <MDI key="STATISTICS_MINIMUM">3.4479999542236</MDI>
      <MDI key="STATISTICS_STDDEV">0.50195868495932</MDI>
    </Metadata>
  </PAMRasterBand>
</PAMDataset>
