<PAMDataset>
  <PAMRasterBand band="1">
    <Metadata>
      <MDI key="COLOR_TABLE_RULE_RGB_0">3.410000e+00 4.390333e+00 0 0 255 0 255 0</MDI>
      <MDI key="COLOR_TABLE_RULE_RGB_1">4.390333e+00 5.370667e+00 0 255 0 255 255 0</MDI>
      <MDI key="COLOR_TABLE_RULE_RGB_2">5.370667e+00 6.351000e+00 255 255 0 255 0 0</MDI>
      <MDI key="COLOR_TABLE_RULES_COUNT">3</MDI>
      <MDI key="STATISTICS_MAXIMUM">6.3509998321533</MDI>
      <MDI key="STATISTICS_MEAN">5.5625683300562</MDI>
      <MDI key="STATISTICS_MINIMUM">3.4100000858307</MDI>
      <MDI key="STATISTICS_STDDEV">0.56496223239941</MDI>
    </Metadata>
  </PAMRasterBand>
</PAMDataset>
