<PAMDataset>
  <PAMRasterBand band="1">
    <Metadata>
      <MDI key="COLOR_TABLE_RULE_RGB_0">3.323000e+00 3.852333e+00 0 0 255 0 255 0</MDI>
      <MDI key="COLOR_TABLE_RULE_RGB_1">3.852333e+00 4.381667e+00 0 255 0 255 255 0</MDI>
      <MDI key="COLOR_TABLE_RULE_RGB_2">4.381667e+00 4.911000e+00 255 255 0 255 0 0</MDI>
      <MDI key="COLOR_TABLE_RULES_COUNT">3</MDI>
      <MDI key="STATISTICS_MAXIMUM">4.9109997749329</MDI>
      <MDI key="STATISTICS_MEAN">4.2980785305341</MDI>
      <MDI key="STATISTICS_MINIMUM">3.3229999542236</MDI>
      <MDI key="STATISTICS_STDDEV">0.39670263155702</MDI>
    </Metadata>
  </PAMRasterBand>
</PAMDataset>
