<PAMDataset>
  <PAMRasterBand band="1">
    <Metadata>
      <MDI key="COLOR_TABLE_RULE_RGB_0">1.350000e+01 1.896667e+01 0 0 255 0 255 0</MDI>
      <MDI key="COLOR_TABLE_RULE_RGB_1">1.896667e+01 2.443333e+01 0 255 0 255 255 0</MDI>
      <MDI key="COLOR_TABLE_RULE_RGB_2">2.443333e+01 2.990000e+01 255 255 0 255 0 0</MDI>
      <MDI key="COLOR_TABLE_RULES_COUNT">3</MDI>
      <MDI key="STATISTICS_MAXIMUM">29.89999961853</MDI>
      <MDI key="STATISTICS_MEAN">27.116629689648</MDI>
      <MDI key="STATISTICS_MINIMUM">13.5</MDI>
      <MDI key="STATISTICS_STDDEV">1.5043218635546</MDI>
    </Metadata>
  </PAMRasterBand>
</PAMDataset>
